Prediction_ID,Signal_Date,Signal_Time,Candle_Time,Symbol,Direction,Entry_Price,Stop_Loss,Take_Profit,AI_Confidence,PUT_Probability,HOLD_Probability,CALL_Probability,HTF_Trend,Signal_Reason,Status,Outcome,Resolved_Date,Resolved_Time,Duration_Minutes,Outcome_Reason,Exit_Price
20260823154849083084,2026-08-23,15:40:00 UTC,2026-08-23 15:40:00,BTCUSDT,HOLD,77282.01,,,,,,,UNKNOWN,Body ratio 0.08 < 0.6 (weak/doji candle),NO_TRADE,NO_SIGNAL,2026-08-23,15:48:49 UTC,0.00,NO_SIGNAL: candle was rejected or model predicted HOLD,77282.01
20260823155007593557,2026-08-23,15:45:00 UTC,2026-08-23 15:45:00,BTCUSDT,HOLD,77205.09,,,0.623,,,,BULLISH,Model confidence 0.62 below 0.60 threshold or predicted HOLD,NO_TRADE,NO_SIGNAL,2026-08-23,15:50:07 UTC,0.00,NO_SIGNAL: candle was rejected or model predicted HOLD,77205.09
20260823155508361985,2026-08-23,15:50:00 UTC,2026-08-23 15:50:00,BTCUSDT,HOLD,77182.86,,,0.656,,,,BULLISH,Model confidence 0.66 below 0.60 threshold or predicted HOLD,NO_TRADE,NO_SIGNAL,2026-08-23,15:55:08 UTC,0.00,NO_SIGNAL: candle was rejected or model predicted HOLD,77182.86
20260823160008520790,2026-08-23,15:55:00 UTC,2026-08-23 15:55:00,BTCUSDT,HOLD,77156.13,,,,,,,UNKNOWN,Body ratio 0.43 < 0.6 (weak/doji candle),NO_TRADE,NO_SIGNAL,2026-08-23,16:00:08 UTC,0.00,NO_SIGNAL: candle was rejected or model predicted HOLD,77156.13
20260823160508232899,2026-08-23,16:00:00 UTC,2026-08-23 16:00:00,BTCUSDT,HOLD,77268.04,,,0.582,,,,BULLISH,Model confidence 0.58 below 0.60 threshold or predicted HOLD,NO_TRADE,NO_SIGNAL,2026-08-23,16:05:08 UTC,0.00,NO_SIGNAL: candle was rejected or model predicted HOLD,77268.04
20260823161003119841,2026-08-23,16:05:00 UTC,2026-08-23 16:05:00,BTCUSDT,HOLD,77219.33,,,0.628,,,,BULLISH,Model confidence 0.63 below 0.60 threshold or predicted HOLD,NO_TRADE,NO_SIGNAL,2026-08-23,16:10:03 UTC,0.00,NO_SIGNAL: candle was rejected or model predicted HOLD,77219.33
20260823161502238604,2026-08-23,16:10:00 UTC,2026-08-23 16:10:00,BTCUSDT,HOLD,77277.66,,,0.2,,,,BULLISH,Model confidence 0.20 below 0.60 threshold or predicted HOLD,NO_TRADE,NO_SIGNAL,2026-08-23,16:15:02 UTC,0.00,NO_SIGNAL: candle was rejected or model predicted HOLD,77277.66
20260823162006076832,2026-08-23,16:15:00 UTC,2026-08-23 16:15:00,BTCUSDT,HOLD,77242.28,,,0.208,,,,BULLISH,Model confidence 0.21 below 0.60 threshold or predicted HOLD,NO_TRADE,NO_SIGNAL,2026-08-23,16:20:06 UTC,0.00,NO_SIGNAL: candle was rejected or model predicted HOLD,77242.28
20260823162506999686,2026-08-23,16:20:00 UTC,2026-08-23 16:20:00,BTCUSDT,BUY_CALL,77273.64,77101.2932,77618.3336,0.197,,,,BULLISH,"Paper experiment: directional probability 0.20; strict filter status body=0.50, ADX=31.6, HTF=BULLISH",RESOLVED,LOSS,2026-08-23,18:05:08 UTC,100.00,TIME_EXPIRY: unfavorable close,77182.0100
20260823163008608922,2026-08-23,16:25:00 UTC,2026-08-23 16:25:00,BTCUSDT,BUY_CALL,77327.99,77161.2455,77661.4791,0.199,,,,BULLISH,"Paper experiment: directional probability 0.20; strict filter status body=0.87, ADX=30.4, HTF=BULLISH",RESOLVED,LOSS,2026-08-23,17:05:05 UTC,35.00,STOP_LOSS_HIT: price reached the downside risk level,77161.2455
20260823163504369062,2026-08-23,16:30:00 UTC,2026-08-23 16:30:00,BTCUSDT,HOLD,77415.4,,,0.237,,,,BULLISH,Model confidence 0.24 below 0.60 threshold or predicted HOLD,NO_TRADE,NO_SIGNAL,2026-08-23,16:35:04 UTC,0.00,NO_SIGNAL: candle was rejected or model predicted HOLD,77415.4
20260823164004378545,2026-08-23,16:35:00 UTC,2026-08-23 16:35:00,BTCUSDT,HOLD,77389.66,,,0.216,,,,BULLISH,Model confidence 0.22 below 0.60 threshold or predicted HOLD,NO_TRADE,NO_SIGNAL,2026-08-23,16:40:04 UTC,0.00,NO_SIGNAL: candle was rejected or model predicted HOLD,77389.66
20260823164503404880,2026-08-23,16:40:00 UTC,2026-08-23 16:40:00,BTCUSDT,HOLD,77388.0,,,0.234,,,,BULLISH,Model confidence 0.23 below 0.60 threshold or predicted HOLD,NO_TRADE,NO_SIGNAL,2026-08-23,16:45:03 UTC,0.00,NO_SIGNAL: candle was rejected or model predicted HOLD,77388.0
20260823165003605416,2026-08-23,16:45:00 UTC,2026-08-23 16:45:00,BTCUSDT,HOLD,77382.94,,,0.249,,,,BULLISH,Model confidence 0.25 below 0.60 threshold or predicted HOLD,NO_TRADE,NO_SIGNAL,2026-08-23,16:50:03 UTC,0.00,NO_SIGNAL: candle was rejected or model predicted HOLD,77382.94
20260823165506416022,2026-08-23,16:50:00 UTC,2026-08-23 16:50:00,BTCUSDT,HOLD,77406.01,,,0.265,,,,BULLISH,Model confidence 0.26 below 0.60 threshold or predicted HOLD,NO_TRADE,NO_SIGNAL,2026-08-23,16:55:06 UTC,0.00,NO_SIGNAL: candle was rejected or model predicted HOLD,77406.01
20260823170007665230,2026-08-23,16:55:00 UTC,2026-08-23 16:55:00,BTCUSDT,HOLD,77429.88,,,0.261,,,,BULLISH,Model confidence 0.26 below 0.60 threshold or predicted HOLD,NO_TRADE,NO_SIGNAL,2026-08-23,17:00:07 UTC,0.00,NO_SIGNAL: candle was rejected or model predicted HOLD,77429.88
20260823170505984067,2026-08-23,17:00:00 UTC,2026-08-23 17:00:00,BTCUSDT,HOLD,77218.26,,,0.212,,,,BULLISH,Model confidence 0.21 below 0.60 threshold or predicted HOLD,NO_TRADE,NO_SIGNAL,2026-08-23,17:05:05 UTC,0.00,NO_SIGNAL: candle was rejected or model predicted HOLD,77218.26
20260823171009650818,2026-08-23,17:05:00 UTC,2026-08-23 17:05:00,BTCUSDT,HOLD,77333.02,,,0.214,,,,BULLISH,Model confidence 0.21 below 0.60 threshold or predicted HOLD,NO_TRADE,NO_SIGNAL,2026-08-23,17:10:09 UTC,0.00,NO_SIGNAL: candle was rejected or model predicted HOLD,77333.02
20260823171504832452,2026-08-23,17:10:00 UTC,2026-08-23 17:10:00,BTCUSDT,HOLD,77283.26,,,0.214,,,,BULLISH,Model confidence 0.21 below 0.60 threshold or predicted HOLD,NO_TRADE,NO_SIGNAL,2026-08-23,17:15:04 UTC,0.00,NO_SIGNAL: candle was rejected or model predicted HOLD,77283.26
20260823172004349110,2026-08-23,17:15:00 UTC,2026-08-23 17:15:00,BTCUSDT,HOLD,77366.0,,,0.215,,,,BULLISH,Model confidence 0.21 below 0.60 threshold or predicted HOLD,NO_TRADE,NO_SIGNAL,2026-08-23,17:20:04 UTC,0.00,NO_SIGNAL: candle was rejected or model predicted HOLD,77366.0
20260823172505486656,2026-08-23,17:20:00 UTC,2026-08-23 17:20:00,BTCUSDT,HOLD,77294.01,,,0.204,,,,BULLISH,Model confidence 0.20 below 0.60 threshold or predicted HOLD,NO_TRADE,NO_SIGNAL,2026-08-23,17:25:05 UTC,0.00,NO_SIGNAL: candle was rejected or model predicted HOLD,77294.01
20260823173007640233,2026-08-23,17:25:00 UTC,2026-08-23 17:25:00,BTCUSDT,HOLD,77250.0,,,0.201,,,,BULLISH,Model confidence 0.20 below 0.60 threshold or predicted HOLD,NO_TRADE,NO_SIGNAL,2026-08-23,17:30:07 UTC,0.00,NO_SIGNAL: candle was rejected or model predicted HOLD,77250.0
20260823173504093899,2026-08-23,17:30:00 UTC,2026-08-23 17:30:00,BTCUSDT,HOLD,77257.99,,,0.214,,,,BULLISH,Model confidence 0.21 below 0.60 threshold or predicted HOLD,NO_TRADE,NO_SIGNAL,2026-08-23,17:35:04 UTC,0.00,NO_SIGNAL: candle was rejected or model predicted HOLD,77257.99
20260823174005015742,2026-08-23,17:35:00 UTC,2026-08-23 17:35:00,BTCUSDT,BUY_CALL,77246.52,77087.5851,77564.3897,0.207,,,,BULLISH,"Paper experiment: directional probability 0.21; strict filter status body=0.17, ADX=25.4, HTF=BULLISH",RESOLVED,WIN,2026-08-24,06:38:51 UTC,775.00,TIME_EXPIRY: favorable close,77281.0200
20260823174507967094,2026-08-23,17:40:00 UTC,2026-08-23 17:40:00,BTCUSDT,HOLD,77245.05,,,0.207,,,,BULLISH,Model confidence 0.21 below 0.60 threshold or predicted HOLD,NO_TRADE,NO_SIGNAL,2026-08-23,17:45:07 UTC,0.00,NO_SIGNAL: candle was rejected or model predicted HOLD,77245.05
20260823175005887254,2026-08-23,17:45:00 UTC,2026-08-23 17:45:00,BTCUSDT,BUY_CALL,77244.0,77089.9497,77552.1006,0.21,,,,BULLISH,"Paper experiment: directional probability 0.21; strict filter status body=0.01, ADX=25.9, HTF=BULLISH",RESOLVED,WIN,2026-08-24,06:38:51 UTC,765.00,TIME_EXPIRY: favorable close,77281.0200
20260823175502980240,2026-08-23,17:50:00 UTC,2026-08-23 17:50:00,BTCUSDT,HOLD,77243.14,,,0.22,,,,BULLISH,Model confidence 0.22 below 0.60 threshold or predicted HOLD,NO_TRADE,NO_SIGNAL,2026-08-23,17:55:02 UTC,0.00,NO_SIGNAL: candle was rejected or model predicted HOLD,77243.14
20260823180005077322,2026-08-23,17:55:00 UTC,2026-08-23 17:55:00,BTCUSDT,HOLD,77176.41,,,0.231,,,,BULLISH,Model confidence 0.23 below 0.60 threshold or predicted HOLD,NO_TRADE,NO_SIGNAL,2026-08-23,18:00:05 UTC,0.00,NO_SIGNAL: candle was rejected or model predicted HOLD,77176.41
20260823180508613447,2026-08-23,18:00:00 UTC,2026-08-23 18:00:00,BTCUSDT,BUY_CALL,77182.01,77042.6984,77460.6333,0.208,,,,BULLISH,"Paper experiment: directional probability 0.21; strict filter status body=0.11, ADX=26.6, HTF=BULLISH",RESOLVED,WIN,2026-08-24,06:38:51 UTC,750.00,TIME_EXPIRY: favorable close,77281.0200
20260823181007622826,2026-08-23,18:05:00 UTC,2026-08-23 18:05:00,BTCUSDT,HOLD,77232.0,,,0.215,,,,BULLISH,Model confidence 0.22 below 0.60 threshold or predicted HOLD,NO_TRADE,NO_SIGNAL,2026-08-23,18:10:07 UTC,0.00,NO_SIGNAL: candle was rejected or model predicted HOLD,77232.0
20260823181505528269,2026-08-23,18:10:00 UTC,2026-08-23 18:10:00,BTCUSDT,HOLD,77353.94,,,0.209,,,,BULLISH,Model confidence 0.21 below 0.60 threshold or predicted HOLD,NO_TRADE,NO_SIGNAL,2026-08-23,18:15:05 UTC,0.00,NO_SIGNAL: candle was rejected or model predicted HOLD,77353.94
20260823182009511618,2026-08-23,18:15:00 UTC,2026-08-23 18:15:00,BTCUSDT,HOLD,77330.01,,,0.298,,,,BULLISH,Model confidence 0.30 below 0.60 threshold or predicted HOLD,NO_TRADE,NO_SIGNAL,2026-08-23,18:20:09 UTC,0.00,NO_SIGNAL: candle was rejected or model predicted HOLD,77330.01
20260823182504014905,2026-08-23,18:20:00 UTC,2026-08-23 18:20:00,BTCUSDT,HOLD,77322.86,,,0.3,,,,BULLISH,Model confidence 0.30 below 0.60 threshold or predicted HOLD,NO_TRADE,NO_SIGNAL,2026-08-23,18:25:04 UTC,0.00,NO_SIGNAL: candle was rejected or model predicted HOLD,77322.86
20260823183004455681,2026-08-23,18:25:00 UTC,2026-08-23 18:25:00,BTCUSDT,HOLD,77356.01,,,0.305,,,,BULLISH,Model confidence 0.30 below 0.60 threshold or predicted HOLD,NO_TRADE,NO_SIGNAL,2026-08-23,18:30:04 UTC,0.00,NO_SIGNAL: candle was rejected or model predicted HOLD,77356.01
20260823183504520343,2026-08-23,18:30:00 UTC,2026-08-23 18:30:00,BTCUSDT,HOLD,77311.95,,,0.315,,,,BULLISH,Model confidence 0.31 below 0.60 threshold or predicted HOLD,NO_TRADE,NO_SIGNAL,2026-08-23,18:35:04 UTC,0.00,NO_SIGNAL: candle was rejected or model predicted HOLD,77311.95
20260823184004448680,2026-08-23,18:35:00 UTC,2026-08-23 18:35:00,BTCUSDT,HOLD,77338.5,,,0.337,,,,BULLISH,Model confidence 0.34 below 0.60 threshold or predicted HOLD,NO_TRADE,NO_SIGNAL,2026-08-23,18:40:04 UTC,0.00,NO_SIGNAL: candle was rejected or model predicted HOLD,77338.5
20260823184504858626,2026-08-23,18:40:00 UTC,2026-08-23 18:40:00,BTCUSDT,HOLD,77345.51,,,0.31,,,,BULLISH,Model confidence 0.31 below 0.60 threshold or predicted HOLD,NO_TRADE,NO_SIGNAL,2026-08-23,18:45:04 UTC,0.00,NO_SIGNAL: candle was rejected or model predicted HOLD,77345.51
20260823185006693220,2026-08-23,18:45:00 UTC,2026-08-23 18:45:00,BTCUSDT,HOLD,77298.84,,,0.359,,,,BULLISH,Model confidence 0.36 below 0.60 threshold or predicted HOLD,NO_TRADE,NO_SIGNAL,2026-08-23,18:50:06 UTC,0.00,NO_SIGNAL: candle was rejected or model predicted HOLD,77298.84
20260823185505302221,2026-08-23,18:50:00 UTC,2026-08-23 18:50:00,BTCUSDT,HOLD,77296.5,,,0.36,,,,BULLISH,Model confidence 0.36 below 0.60 threshold or predicted HOLD,NO_TRADE,NO_SIGNAL,2026-08-23,18:55:05 UTC,0.00,NO_SIGNAL: candle was rejected or model predicted HOLD,77296.5
20260823190008145290,2026-08-23,18:55:00 UTC,2026-08-23 18:55:00,BTCUSDT,HOLD,77341.98,,,0.36,,,,BULLISH,Model confidence 0.36 below 0.60 threshold or predicted HOLD,NO_TRADE,NO_SIGNAL,2026-08-23,19:00:08 UTC,0.00,NO_SIGNAL: candle was rejected or model predicted HOLD,77341.98
20260823190508349632,2026-08-23,19:00:00 UTC,2026-08-23 19:00:00,BTCUSDT,HOLD,77341.99,,,0.296,,,,BULLISH,Model confidence 0.30 below 0.60 threshold or predicted HOLD,NO_TRADE,NO_SIGNAL,2026-08-23,19:05:08 UTC,0.00,NO_SIGNAL: candle was rejected or model predicted HOLD,77341.99
20260824063851814575,2026-08-24,06:30:00 UTC,2026-08-24 06:30:00,BTCUSDT,HOLD,77281.02,,,0.32,,,,BULLISH,Model confidence 0.32 below 0.60 threshold or predicted HOLD,NO_TRADE,NO_SIGNAL,2026-08-24,06:38:51 UTC,0.00,NO_SIGNAL: candle was rejected or model predicted HOLD,77281.02
20260824064003490659,2026-08-24,06:35:00 UTC,2026-08-24 06:35:00,BTCUSDT,HOLD,77249.13,,,0.328,,,,BULLISH,Model confidence 0.33 below 0.60 threshold or predicted HOLD,NO_TRADE,NO_SIGNAL,2026-08-24,06:40:03 UTC,0.00,NO_SIGNAL: candle was rejected or model predicted HOLD,77249.13
20260824064510151206,2026-08-24,06:40:00 UTC,2026-08-24 06:40:00,BTCUSDT,HOLD,77351.9,,,0.344,,,,BULLISH,Model confidence 0.34 below 0.60 threshold or predicted HOLD,NO_TRADE,NO_SIGNAL,2026-08-24,06:45:10 UTC,0.00,NO_SIGNAL: candle was rejected or model predicted HOLD,77351.9
20260824065004692448,2026-08-24,06:45:00 UTC,2026-08-24 06:45:00,BTCUSDT,HOLD,77503.88,,,0.322,,,,BULLISH,Model confidence 0.32 below 0.60 threshold or predicted HOLD,NO_TRADE,NO_SIGNAL,2026-08-24,06:50:04 UTC,0.00,NO_SIGNAL: candle was rejected or model predicted HOLD,77503.88
20260824065509947023,2026-08-24,06:50:00 UTC,2026-08-24 06:50:00,BTCUSDT,HOLD,77450.0,,,0.32,,,,BULLISH,Model confidence 0.32 below 0.60 threshold or predicted HOLD,NO_TRADE,NO_SIGNAL,2026-08-24,06:55:09 UTC,0.00,NO_SIGNAL: candle was rejected or model predicted HOLD,77450.0
20260824070008751263,2026-08-24,06:55:00 UTC,2026-08-24 06:55:00,BTCUSDT,HOLD,77464.33,,,0.332,,,,BULLISH,Model confidence 0.33 below 0.60 threshold or predicted HOLD,NO_TRADE,NO_SIGNAL,2026-08-24,07:00:08 UTC,0.00,NO_SIGNAL: candle was rejected or model predicted HOLD,77464.33
20260824070506730970,2026-08-24,07:00:00 UTC,2026-08-24 07:00:00,BTCUSDT,HOLD,77503.88,,,0.316,,,,BULLISH,Model confidence 0.32 below 0.60 threshold or predicted HOLD,NO_TRADE,NO_SIGNAL,2026-08-24,07:05:06 UTC,0.00,NO_SIGNAL: candle was rejected or model predicted HOLD,77503.88
20260824071006195888,2026-08-24,07:05:00 UTC,2026-08-24 07:05:00,BTCUSDT,HOLD,77554.01,,,0.321,,,,BULLISH,Model confidence 0.32 below 0.60 threshold or predicted HOLD,NO_TRADE,NO_SIGNAL,2026-08-24,07:10:06 UTC,0.00,NO_SIGNAL: candle was rejected or model predicted HOLD,77554.01
20260824071515688238,2026-08-24,07:10:00 UTC,2026-08-24 07:10:00,BTCUSDT,HOLD,77760.0,,,0.326,,,,BULLISH,Model confidence 0.33 below 0.60 threshold or predicted HOLD,NO_TRADE,NO_SIGNAL,2026-08-24,07:15:15 UTC,0.00,NO_SIGNAL: candle was rejected or model predicted HOLD,77760.0
20260824072012715310,2026-08-24,07:15:00 UTC,2026-08-24 07:15:00,BTCUSDT,HOLD,77656.33,,,0.31,,,,BULLISH,Model confidence 0.31 below 0.60 threshold or predicted HOLD,NO_TRADE,NO_SIGNAL,2026-08-24,07:20:12 UTC,0.00,NO_SIGNAL: candle was rejected or model predicted HOLD,77656.33
20260824072513041647,2026-08-24,07:20:00 UTC,2026-08-24 07:20:00,BTCUSDT,HOLD,77650.01,,,0.32,,,,BULLISH,Model confidence 0.32 below 0.60 threshold or predicted HOLD,NO_TRADE,NO_SIGNAL,2026-08-24,07:25:13 UTC,0.00,NO_SIGNAL: candle was rejected or model predicted HOLD,77650.01
20260824073012514906,2026-08-24,07:25:00 UTC,2026-08-24 07:25:00,BTCUSDT,HOLD,77593.27,,,0.323,,,,BULLISH,Model confidence 0.32 below 0.60 threshold or predicted HOLD,NO_TRADE,NO_SIGNAL,2026-08-24,07:30:12 UTC,0.00,NO_SIGNAL: candle was rejected or model predicted HOLD,77593.27
20260824073506947174,2026-08-24,07:30:00 UTC,2026-08-24 07:30:00,BTCUSDT,HOLD,77483.74,,,0.321,,,,BULLISH,Model confidence 0.32 below 0.60 threshold or predicted HOLD,NO_TRADE,NO_SIGNAL,2026-08-24,07:35:06 UTC,0.00,NO_SIGNAL: candle was rejected or model predicted HOLD,77483.74
20260824074018846862,2026-08-24,07:35:00 UTC,2026-08-24 07:35:00,BTCUSDT,HOLD,77457.99,,,0.321,,,,BULLISH,Model confidence 0.32 below 0.60 threshold or predicted HOLD,NO_TRADE,NO_SIGNAL,2026-08-24,07:40:18 UTC,0.00,NO_SIGNAL: candle was rejected or model predicted HOLD,77457.99
20260824074504594864,2026-08-24,07:40:00 UTC,2026-08-24 07:40:00,BTCUSDT,HOLD,77344.06,,,0.329,,,,BULLISH,Model confidence 0.33 below 0.60 threshold or predicted HOLD,NO_TRADE,NO_SIGNAL,2026-08-24,07:45:04 UTC,0.00,NO_SIGNAL: candle was rejected or model predicted HOLD,77344.06
20260824075006611163,2026-08-24,07:45:00 UTC,2026-08-24 07:45:00,BTCUSDT,HOLD,77377.99,,,0.318,,,,BULLISH,Model confidence 0.32 below 0.60 threshold or predicted HOLD,NO_TRADE,NO_SIGNAL,2026-08-24,07:50:06 UTC,0.00,NO_SIGNAL: candle was rejected or model predicted HOLD,77377.99
20260824075515666960,2026-08-24,07:50:00 UTC,2026-08-24 07:50:00,BTCUSDT,HOLD,77351.75,,,0.32,,,,BULLISH,Model confidence 0.32 below 0.60 threshold or predicted HOLD,NO_TRADE,NO_SIGNAL,2026-08-24,07:55:15 UTC,0.00,NO_SIGNAL: candle was rejected or model predicted HOLD,77351.75
20260824080009046906,2026-08-24,07:55:00 UTC,2026-08-24 07:55:00,BTCUSDT,HOLD,77307.15,,,0.309,,,,BULLISH,Model confidence 0.31 below 0.60 threshold or predicted HOLD,NO_TRADE,NO_SIGNAL,2026-08-24,08:00:09 UTC,0.00,NO_SIGNAL: candle was rejected or model predicted HOLD,77307.15
20260824080505328927,2026-08-24,08:00:00 UTC,2026-08-24 08:00:00,BTCUSDT,HOLD,77250.0,,,0.312,,,,BULLISH,Model confidence 0.31 below 0.60 threshold or predicted HOLD,NO_TRADE,NO_SIGNAL,2026-08-24,08:05:05 UTC,0.00,NO_SIGNAL: candle was rejected or model predicted HOLD,77250.0
20260824081009614641,2026-08-24,08:05:00 UTC,2026-08-24 08:05:00,BTCUSDT,HOLD,77342.0,,,0.318,,,,BULLISH,Model confidence 0.32 below 0.60 threshold or predicted HOLD,NO_TRADE,NO_SIGNAL,2026-08-24,08:10:09 UTC,0.00,NO_SIGNAL: candle was rejected or model predicted HOLD,77342.0
20260824081503983606,2026-08-24,08:10:00 UTC,2026-08-24 08:10:00,BTCUSDT,HOLD,77248.97,,,0.312,,,,BULLISH,Model confidence 0.31 below 0.60 threshold or predicted HOLD,NO_TRADE,NO_SIGNAL,2026-08-24,08:15:03 UTC,0.00,NO_SIGNAL: candle was rejected or model predicted HOLD,77248.97
20260824082005593238,2026-08-24,08:15:00 UTC,2026-08-24 08:15:00,BTCUSDT,HOLD,77134.01,,,0.304,,,,BULLISH,Model confidence 0.30 below 0.60 threshold or predicted HOLD,NO_TRADE,NO_SIGNAL,2026-08-24,08:20:05 UTC,0.00,NO_SIGNAL: candle was rejected or model predicted HOLD,77134.01
20260824082507385369,2026-08-24,08:20:00 UTC,2026-08-24 08:20:00,BTCUSDT,HOLD,76948.92,,,0.267,,,,BULLISH,Model confidence 0.27 below 0.60 threshold or predicted HOLD,NO_TRADE,NO_SIGNAL,2026-08-24,08:25:07 UTC,0.00,NO_SIGNAL: candle was rejected or model predicted HOLD,76948.92
20260824083009214089,2026-08-24,08:25:00 UTC,2026-08-24 08:25:00,BTCUSDT,HOLD,76923.67,,,0.285,,,,BULLISH,Model confidence 0.29 below 0.60 threshold or predicted HOLD,NO_TRADE,NO_SIGNAL,2026-08-24,08:30:09 UTC,0.00,NO_SIGNAL: candle was rejected or model predicted HOLD,76923.67
20260824083506521876,2026-08-24,08:30:00 UTC,2026-08-24 08:30:00,BTCUSDT,HOLD,77034.0,,,0.295,,,,BULLISH,Model confidence 0.29 below 0.60 threshold or predicted HOLD,NO_TRADE,NO_SIGNAL,2026-08-24,08:35:06 UTC,0.00,NO_SIGNAL: candle was rejected or model predicted HOLD,77034.0
20260824084003616242,2026-08-24,08:35:00 UTC,2026-08-24 08:35:00,BTCUSDT,HOLD,77118.01,,,0.292,,,,BULLISH,Model confidence 0.29 below 0.60 threshold or predicted HOLD,NO_TRADE,NO_SIGNAL,2026-08-24,08:40:03 UTC,0.00,NO_SIGNAL: candle was rejected or model predicted HOLD,77118.01
20260824084507704990,2026-08-24,08:40:00 UTC,2026-08-24 08:40:00,BTCUSDT,HOLD,77129.97,,,0.305,,,,BULLISH,Model confidence 0.31 below 0.60 threshold or predicted HOLD,NO_TRADE,NO_SIGNAL,2026-08-24,08:45:07 UTC,0.00,NO_SIGNAL: candle was rejected or model predicted HOLD,77129.97
20260824085004796777,2026-08-24,08:45:00 UTC,2026-08-24 08:45:00,BTCUSDT,HOLD,77140.01,,,0.352,,,,BULLISH,Model confidence 0.35 below 0.60 threshold or predicted HOLD,NO_TRADE,NO_SIGNAL,2026-08-24,08:50:04 UTC,0.00,NO_SIGNAL: candle was rejected or model predicted HOLD,77140.01
20260824085512218158,2026-08-24,08:50:00 UTC,2026-08-24 08:50:00,BTCUSDT,HOLD,77059.16,,,0.291,,,,BULLISH,Model confidence 0.29 below 0.60 threshold or predicted HOLD,NO_TRADE,NO_SIGNAL,2026-08-24,08:55:12 UTC,0.00,NO_SIGNAL: candle was rejected or model predicted HOLD,77059.16
20260824090006299715,2026-08-24,08:55:00 UTC,2026-08-24 08:55:00,BTCUSDT,HOLD,77041.47,,,0.29,,,,BULLISH,Model confidence 0.29 below 0.60 threshold or predicted HOLD,NO_TRADE,NO_SIGNAL,2026-08-24,09:00:06 UTC,0.00,NO_SIGNAL: candle was rejected or model predicted HOLD,77041.47
20260824090511006775,2026-08-24,09:00:00 UTC,2026-08-24 09:00:00,BTCUSDT,HOLD,77174.01,,,0.286,,,,BULLISH,Model confidence 0.29 below 0.60 threshold or predicted HOLD,NO_TRADE,NO_SIGNAL,2026-08-24,09:05:11 UTC,0.00,NO_SIGNAL: candle was rejected or model predicted HOLD,77174.01
20260824091012228603,2026-08-24,09:05:00 UTC,2026-08-24 09:05:00,BTCUSDT,HOLD,77240.96,,,0.263,,,,BULLISH,Model confidence 0.26 below 0.60 threshold or predicted HOLD,NO_TRADE,NO_SIGNAL,2026-08-24,09:10:12 UTC,0.00,NO_SIGNAL: candle was rejected or model predicted HOLD,77240.96
20260824091506903682,2026-08-24,09:10:00 UTC,2026-08-24 09:10:00,BTCUSDT,HOLD,77288.25,,,0.265,,,,BULLISH,Model confidence 0.27 below 0.60 threshold or predicted HOLD,NO_TRADE,NO_SIGNAL,2026-08-24,09:15:06 UTC,0.00,NO_SIGNAL: candle was rejected or model predicted HOLD,77288.25
20260824092005038906,2026-08-24,09:15:00 UTC,2026-08-24 09:15:00,BTCUSDT,HOLD,77305.72,,,0.29,,,,BULLISH,Model confidence 0.29 below 0.60 threshold or predicted HOLD,NO_TRADE,NO_SIGNAL,2026-08-24,09:20:05 UTC,0.00,NO_SIGNAL: candle was rejected or model predicted HOLD,77305.72
20260824092511756977,2026-08-24,09:20:00 UTC,2026-08-24 09:20:00,BTCUSDT,HOLD,77270.0,,,0.299,,,,BULLISH,Model confidence 0.30 below 0.60 threshold or predicted HOLD,NO_TRADE,NO_SIGNAL,2026-08-24,09:25:11 UTC,0.00,NO_SIGNAL: candle was rejected or model predicted HOLD,77270.0
20260824093007024118,2026-08-24,09:25:00 UTC,2026-08-24 09:25:00,BTCUSDT,HOLD,77418.79,,,0.298,,,,BULLISH,Model confidence 0.30 below 0.60 threshold or predicted HOLD,NO_TRADE,NO_SIGNAL,2026-08-24,09:30:07 UTC,0.00,NO_SIGNAL: candle was rejected or model predicted HOLD,77418.79
20260824093512705162,2026-08-24,09:30:00 UTC,2026-08-24 09:30:00,BTCUSDT,HOLD,77435.99,,,0.297,,,,BULLISH,Model confidence 0.30 below 0.60 threshold or predicted HOLD,NO_TRADE,NO_SIGNAL,2026-08-24,09:35:12 UTC,0.00,NO_SIGNAL: candle was rejected or model predicted HOLD,77435.99
20260824094012561449,2026-08-24,09:35:00 UTC,2026-08-24 09:35:00,BTCUSDT,HOLD,77499.99,,,0.27,,,,BULLISH,Model confidence 0.27 below 0.60 threshold or predicted HOLD,NO_TRADE,NO_SIGNAL,2026-08-24,09:40:12 UTC,0.00,NO_SIGNAL: candle was rejected or model predicted HOLD,77499.99
20260824094507080043,2026-08-24,09:40:00 UTC,2026-08-24 09:40:00,BTCUSDT,HOLD,77467.96,,,0.271,,,,BULLISH,Model confidence 0.27 below 0.60 threshold or predicted HOLD,NO_TRADE,NO_SIGNAL,2026-08-24,09:45:07 UTC,0.00,NO_SIGNAL: candle was rejected or model predicted HOLD,77467.96
20260824095008023444,2026-08-24,09:45:00 UTC,2026-08-24 09:45:00,BTCUSDT,HOLD,77515.98,,,0.31,,,,BULLISH,Model confidence 0.31 below 0.60 threshold or predicted HOLD,NO_TRADE,NO_SIGNAL,2026-08-24,09:50:08 UTC,0.00,NO_SIGNAL: candle was rejected or model predicted HOLD,77515.98
20260824095507631986,2026-08-24,09:50:00 UTC,2026-08-24 09:50:00,BTCUSDT,HOLD,77588.45,,,0.296,,,,BULLISH,Model confidence 0.30 below 0.60 threshold or predicted HOLD,NO_TRADE,NO_SIGNAL,2026-08-24,09:55:07 UTC,0.00,NO_SIGNAL: candle was rejected or model predicted HOLD,77588.45
20260824100009836205,2026-08-24,09:55:00 UTC,2026-08-24 09:55:00,BTCUSDT,HOLD,77554.08,,,0.297,,,,BULLISH,Model confidence 0.30 below 0.60 threshold or predicted HOLD,NO_TRADE,NO_SIGNAL,2026-08-24,10:00:09 UTC,0.00,NO_SIGNAL: candle was rejected or model predicted HOLD,77554.08
20260824100503656161,2026-08-24,10:00:00 UTC,2026-08-24 10:00:00,BTCUSDT,HOLD,77652.01,,,0.284,,,,BULLISH,Model confidence 0.28 below 0.60 threshold or predicted HOLD,NO_TRADE,NO_SIGNAL,2026-08-24,10:05:03 UTC,0.00,NO_SIGNAL: candle was rejected or model predicted HOLD,77652.01
20260824101009647644,2026-08-24,10:05:00 UTC,2026-08-24 10:05:00,BTCUSDT,HOLD,77694.53,,,0.282,,,,BULLISH,Model confidence 0.28 below 0.60 threshold or predicted HOLD,NO_TRADE,NO_SIGNAL,2026-08-24,10:10:09 UTC,0.00,NO_SIGNAL: candle was rejected or model predicted HOLD,77694.53
20260824101504065057,2026-08-24,10:10:00 UTC,2026-08-24 10:10:00,BTCUSDT,HOLD,77846.42,,,0.274,,,,BULLISH,Model confidence 0.27 below 0.60 threshold or predicted HOLD,NO_TRADE,NO_SIGNAL,2026-08-24,10:15:04 UTC,0.00,NO_SIGNAL: candle was rejected or model predicted HOLD,77846.42
20260824102009064340,2026-08-24,10:15:00 UTC,2026-08-24 10:15:00,BTCUSDT,HOLD,77928.51,,,0.284,,,,BULLISH,Model confidence 0.28 below 0.60 threshold or predicted HOLD,NO_TRADE,NO_SIGNAL,2026-08-24,10:20:09 UTC,0.00,NO_SIGNAL: candle was rejected or model predicted HOLD,77928.51
20260824102507008946,2026-08-24,10:20:00 UTC,2026-08-24 10:20:00,BTCUSDT,HOLD,77872.57,,,0.288,,,,BULLISH,Model confidence 0.29 below 0.60 threshold or predicted HOLD,NO_TRADE,NO_SIGNAL,2026-08-24,10:25:07 UTC,0.00,NO_SIGNAL: candle was rejected or model predicted HOLD,77872.57
20260824103005191227,2026-08-24,10:25:00 UTC,2026-08-24 10:25:00,BTCUSDT,HOLD,77858.35,,,0.322,,,,BULLISH,Model confidence 0.32 below 0.60 threshold or predicted HOLD,NO_TRADE,NO_SIGNAL,2026-08-24,10:30:05 UTC,0.00,NO_SIGNAL: candle was rejected or model predicted HOLD,77858.35
20260824103503832298,2026-08-24,10:30:00 UTC,2026-08-24 10:30:00,BTCUSDT,HOLD,77976.0,,,0.338,,,,BULLISH,Model confidence 0.34 below 0.60 threshold or predicted HOLD,NO_TRADE,NO_SIGNAL,2026-08-24,10:35:03 UTC,0.00,NO_SIGNAL: candle was rejected or model predicted HOLD,77976.0
20260824104003572659,2026-08-24,10:35:00 UTC,2026-08-24 10:35:00,BTCUSDT,HOLD,77846.81,,,0.327,,,,BULLISH,Model confidence 0.33 below 0.60 threshold or predicted HOLD,NO_TRADE,NO_SIGNAL,2026-08-24,10:40:03 UTC,0.00,NO_SIGNAL: candle was rejected or model predicted HOLD,77846.81
20260824104504073858,2026-08-24,10:40:00 UTC,2026-08-24 10:40:00,BTCUSDT,HOLD,77726.31,,,0.32,,,,BULLISH,Model confidence 0.32 below 0.60 threshold or predicted HOLD,NO_TRADE,NO_SIGNAL,2026-08-24,10:45:04 UTC,0.00,NO_SIGNAL: candle was rejected or model predicted HOLD,77726.31
20260824105007063908,2026-08-24,10:45:00 UTC,2026-08-24 10:45:00,BTCUSDT,HOLD,77804.69,,,0.332,,,,BULLISH,Model confidence 0.33 below 0.60 threshold or predicted HOLD,NO_TRADE,NO_SIGNAL,2026-08-24,10:50:07 UTC,0.00,NO_SIGNAL: candle was rejected or model predicted HOLD,77804.69
20260824105504738679,2026-08-24,10:50:00 UTC,2026-08-24 10:50:00,BTCUSDT,HOLD,77626.75,,,0.298,,,,BULLISH,Model confidence 0.30 below 0.60 threshold or predicted HOLD,NO_TRADE,NO_SIGNAL,2026-08-24,10:55:04 UTC,0.00,NO_SIGNAL: candle was rejected or model predicted HOLD,77626.75
20260824110005211266,2026-08-24,10:55:00 UTC,2026-08-24 10:55:00,BTCUSDT,HOLD,77617.22,,,0.313,,,,BULLISH,Model confidence 0.31 below 0.60 threshold or predicted HOLD,NO_TRADE,NO_SIGNAL,2026-08-24,11:00:05 UTC,0.00,NO_SIGNAL: candle was rejected or model predicted HOLD,77617.22
20260824110506403013,2026-08-24,11:00:00 UTC,2026-08-24 11:00:00,BTCUSDT,HOLD,77595.43,,,0.4,,,,BULLISH,"SELL rejected: 1H HTF trend is BULLISH (model wanted PUT, confidence 0.40)",NO_TRADE,NO_SIGNAL,2026-08-24,11:05:06 UTC,0.00,NO_SIGNAL: candle was rejected or model predicted HOLD,77595.43
20260824111006740551,2026-08-24,11:05:00 UTC,2026-08-24 11:05:00,BTCUSDT,HOLD,77694.01,,,0.38,,,,BULLISH,"SELL rejected: 1H HTF trend is BULLISH (model wanted PUT, confidence 0.38)",NO_TRADE,NO_SIGNAL,2026-08-24,11:10:06 UTC,0.00,NO_SIGNAL: candle was rejected or model predicted HOLD,77694.01
20260824111504817469,2026-08-24,11:10:00 UTC,2026-08-24 11:10:00,BTCUSDT,HOLD,77819.05,,,0.385,,,,BULLISH,"SELL rejected: 1H HTF trend is BULLISH (model wanted PUT, confidence 0.39)",NO_TRADE,NO_SIGNAL,2026-08-24,11:15:04 UTC,0.00,NO_SIGNAL: candle was rejected or model predicted HOLD,77819.05
20260824112004514814,2026-08-24,11:15:00 UTC,2026-08-24 11:15:00,BTCUSDT,HOLD,77848.0,,,0.496,,,,BULLISH,"SELL rejected: 1H HTF trend is BULLISH (model wanted PUT, confidence 0.50)",NO_TRADE,NO_SIGNAL,2026-08-24,11:20:04 UTC,0.00,NO_SIGNAL: candle was rejected or model predicted HOLD,77848.0
20260824122532965999,2026-08-24,12:20:00 UTC,2026-08-24 12:20:00,BTCUSDT,BUY_CALL,78426.0,78133.0872,79011.8255,0.371,,,,BULLISH,"Paper experiment: directional probability 0.37; strict filter status body=0.79, ADX=35.1, HTF=BULLISH",RESOLVED,WIN,2026-08-24,12:55:03 UTC,30.00,TAKE_PROFIT_HIT: bullish target reached,79011.8255
20260824123007063744,2026-08-24,12:25:00 UTC,2026-08-24 12:25:00,BTCUSDT,BUY_CALL,78460.01,78175.2406,79029.5487,0.349,,,,BULLISH,"Paper experiment: directional probability 0.35; strict filter status body=0.29, ADX=35.3, HTF=BULLISH",RESOLVED,WIN,2026-08-24,12:55:03 UTC,25.00,TAKE_PROFIT_HIT: bullish target reached,79029.5487
20260824123504922174,2026-08-24,12:30:00 UTC,2026-08-24 12:30:00,BTCUSDT,BUY_CALL,78540.89,78238.5327,79145.6045,0.322,,,,BULLISH,"Paper experiment: directional probability 0.32; strict filter status body=0.23, ADX=36.1, HTF=BULLISH",RESOLVED,WIN,2026-08-24,12:55:03 UTC,20.00,TAKE_PROFIT_HIT: bullish target reached,79145.6045
20260824124105829239,2026-08-24,12:35:00 UTC,2026-08-24 12:35:00,BTCUSDT,HOLD,78684.4,,,0.301,,,,BULLISH,Model confidence 0.30 below 0.60 threshold or predicted HOLD,NO_TRADE,NO_SIGNAL,2026-08-24,12:41:05 UTC,0.00,NO_SIGNAL: candle was rejected or model predicted HOLD,78684.4
20260824124504029340,2026-08-24,12:40:00 UTC,2026-08-24 12:40:00,BTCUSDT,HOLD,78729.26,,,0.295,,,,BULLISH,Model confidence 0.29 below 0.60 threshold or predicted HOLD,NO_TRADE,NO_SIGNAL,2026-08-24,12:45:04 UTC,0.00,NO_SIGNAL: candle was rejected or model predicted HOLD,78729.26
20260824125005500331,2026-08-24,12:45:00 UTC,2026-08-24 12:45:00,BTCUSDT,BUY_CALL,78971.99,78651.5525,79612.8651,0.296,,,,BULLISH,"Paper experiment: directional probability 0.30; strict filter status body=0.97, ADX=39.3, HTF=BULLISH",RESOLVED,LOSS,2026-08-24,13:35:05 UTC,45.00,STOP_LOSS_HIT: price reached the downside risk level,78651.5525
20260824125503859839,2026-08-24,12:50:00 UTC,2026-08-24 12:50:00,BTCUSDT,BUY_CALL,79140.0,78804.2684,79811.4633,0.298,,,,BULLISH,"Paper experiment: directional probability 0.30; strict filter status body=0.47, ADX=41.0, HTF=BULLISH",RESOLVED,LOSS,2026-08-24,13:35:05 UTC,40.00,STOP_LOSS_HIT: price reached the downside risk level,78804.2684
20260824130006685913,2026-08-24,12:55:00 UTC,2026-08-24 12:55:00,BTCUSDT,BUY_CALL,79159.99,78822.6878,79834.5945,0.312,,,,BULLISH,"Paper experiment: directional probability 0.31; strict filter status body=0.08, ADX=42.8, HTF=BULLISH",RESOLVED,LOSS,2026-08-24,13:35:05 UTC,35.00,STOP_LOSS_HIT: price reached the downside risk level,78822.6878
20260824130507456077,2026-08-24,13:00:00 UTC,2026-08-24 13:00:00,BTCUSDT,BUY_CALL,79003.65,78666.8436,79677.2627,0.259,,,,BULLISH,"Paper experiment: directional probability 0.26; strict filter status body=0.71, ADX=43.4, HTF=BULLISH",RESOLVED,LOSS,2026-08-24,13:35:05 UTC,30.00,STOP_LOSS_HIT: price reached the downside risk level,78666.8436
20260824131007304362,2026-08-24,13:05:00 UTC,2026-08-24 13:05:00,BTCUSDT,BUY_CALL,79238.76,78900.8209,79914.6382,0.302,,,,BULLISH,"Paper experiment: directional probability 0.30; strict filter status body=1.00, ADX=44.1, HTF=BULLISH",RESOLVED,LOSS,2026-08-24,13:20:06 UTC,10.00,STOP_LOSS_HIT: price reached the downside risk level,78900.8209
20260824131503930531,2026-08-24,13:10:00 UTC,2026-08-24 13:10:00,BTCUSDT,BUY_CALL,79223.01,78876.3583,79916.3134,0.258,,,,BULLISH,"Paper experiment: directional probability 0.26; strict filter status body=0.05, ADX=45.2, HTF=BULLISH",RESOLVED,LOSS,2026-08-24,13:35:05 UTC,20.00,STOP_LOSS_HIT: price reached the downside risk level,78876.3583
20260824132006544290,2026-08-24,13:15:00 UTC,2026-08-24 13:15:00,BTCUSDT,BUY_CALL,79035.55,78675.8592,79754.9317,0.321,,,,BULLISH,"Paper experiment: directional probability 0.32; strict filter status body=0.53, ADX=44.6, HTF=BULLISH",RESOLVED,LOSS,2026-08-24,13:35:05 UTC,15.00,STOP_LOSS_HIT: price reached the downside risk level,78675.8592
20260824133505013011,2026-08-24,13:30:00 UTC,2026-08-24 13:30:00,BTCUSDT,BUY_CALL,78798.9,78428.438,79539.8239,0.336,,,,BULLISH,"Paper experiment: directional probability 0.34; strict filter status body=0.48, ADX=41.0, HTF=BULLISH",RESOLVED,LOSS,2026-08-24,13:45:04 UTC,10.00,STOP_LOSS_HIT: price reached the downside risk level,78428.4380
20260824134007509498,2026-08-24,13:35:00 UTC,2026-08-24 13:35:00,BTCUSDT,BUY_CALL,78626.58,78244.3735,79390.9929,0.313,,,,BULLISH,"Paper experiment: directional probability 0.31; strict filter status body=0.48, ADX=38.8, HTF=BULLISH",RESOLVED,LOSS,2026-08-24,13:45:04 UTC,5.00,STOP_LOSS_HIT: price reached the downside risk level,78244.3735
20260824134504906146,2026-08-24,13:40:00 UTC,2026-08-24 13:40:00,BTCUSDT,HOLD,78288.4,,,0.298,,,,BULLISH,Model confidence 0.30 below 0.60 threshold or predicted HOLD,NO_TRADE,NO_SIGNAL,2026-08-24,13:45:04 UTC,0.00,NO_SIGNAL: candle was rejected or model predicted HOLD,78288.4
20260824135007017509,2026-08-24,13:45:00 UTC,2026-08-24 13:45:00,BTCUSDT,HOLD,78296.0,,,0.33,,,,BULLISH,Model confidence 0.33 below 0.60 threshold or predicted HOLD,NO_TRADE,NO_SIGNAL,2026-08-24,13:50:07 UTC,0.00,NO_SIGNAL: candle was rejected or model predicted HOLD,78296.0
20260824135509018719,2026-08-24,13:50:00 UTC,2026-08-24 13:50:00,BTCUSDT,HOLD,78377.91,,,0.295,,,,BULLISH,Model confidence 0.30 below 0.60 threshold or predicted HOLD,NO_TRADE,NO_SIGNAL,2026-08-24,13:55:09 UTC,0.00,NO_SIGNAL: candle was rejected or model predicted HOLD,78377.91
20260824140006347685,2026-08-24,13:55:00 UTC,2026-08-24 13:55:00,BTCUSDT,BUY_CALL,78597.99,78161.4658,79471.0383,0.332,,,,BULLISH,"Paper experiment: directional probability 0.33; strict filter status body=0.73, ADX=33.5, HTF=BULLISH",RESOLVED,WIN,2026-08-24,14:25:05 UTC,25.00,TAKE_PROFIT_HIT: bullish target reached,79471.0383
20260824140502575168,2026-08-24,14:00:00 UTC,2026-08-24 14:00:00,BTCUSDT,HOLD,78726.0,,,0.259,,,,BULLISH,Model confidence 0.26 below 0.60 threshold or predicted HOLD,NO_TRADE,NO_SIGNAL,2026-08-24,14:05:02 UTC,0.00,NO_SIGNAL: candle was rejected or model predicted HOLD,78726.0
20260824141006484747,2026-08-24,14:05:00 UTC,2026-08-24 14:05:00,BTCUSDT,HOLD,78971.99,,,0.247,,,,BULLISH,Model confidence 0.25 below 0.60 threshold or predicted HOLD,NO_TRADE,NO_SIGNAL,2026-08-24,14:10:06 UTC,0.00,NO_SIGNAL: candle was rejected or model predicted HOLD,78971.99
20260824141504063211,2026-08-24,14:10:00 UTC,2026-08-24 14:10:00,BTCUSDT,HOLD,79202.01,,,0.25,0.250465,0.565035,0.1845,BULLISH,Model confidence 0.25 below 0.60 threshold or predicted HOLD,NO_TRADE,NO_SIGNAL,2026-08-24,14:15:04 UTC,0.00,NO_SIGNAL: candle was rejected or model predicted HOLD,79202.01
20260824142005061400,2026-08-24,14:15:00 UTC,2026-08-24 14:15:00,BTCUSDT,HOLD,79151.65,,,0.24,0.24041,0.567013,0.192577,BULLISH,Model confidence 0.24 below 0.60 threshold or predicted HOLD,NO_TRADE,NO_SIGNAL,2026-08-24,14:20:05 UTC,0.00,NO_SIGNAL: candle was rejected or model predicted HOLD,79151.65
20260824142505280572,2026-08-24,14:20:00 UTC,2026-08-24 14:20:00,BTCUSDT,HOLD,78938.0,,,0.275,0.2748950123786926,0.5728356242179871,0.1522693932056427,BULLISH,Model confidence 0.27 below 0.60 threshold or predicted HOLD,NO_TRADE,NO_SIGNAL,2026-08-24,14:25:05 UTC,0.00,NO_SIGNAL: candle was rejected or model predicted HOLD,78938.0
20260824143007297437,2026-08-24,14:25:00 UTC,2026-08-24 14:25:00,BTCUSDT,HOLD,79391.73,,,0.231,0.2305864542722702,0.5668326616287231,0.20258088409900665,BULLISH,Model confidence 0.23 below 0.60 threshold or predicted HOLD,NO_TRADE,NO_SIGNAL,2026-08-24,14:30:07 UTC,0.00,NO_SIGNAL: candle was rejected or model predicted HOLD,79391.73
20260824143515568374,2026-08-24,14:30:00 UTC,2026-08-24 14:30:00,BTCUSDT,BUY_CALL,79636.01,79120.3384,80667.3532,0.345,0.2489205002784729,0.40603333711624146,0.34504616260528564,BULLISH,"Paper experiment: directional probability 0.35; strict filter status body=0.55, ADX=29.5, HTF=BULLISH",RESOLVED,LOSS,2026-08-24,15:45:13 UTC,70.00,STOP_LOSS_HIT: price reached the downside risk level,79120.3384
20260824144016145938,2026-08-24,14:35:00 UTC,2026-08-24 14:35:00,BTCUSDT,BUY_CALL,79665.75,79164.0724,80669.1051,0.352,0.22763514518737793,0.4199822247028351,0.352382630109787,BULLISH,"Paper experiment: directional probability 0.35; strict filter status body=0.14, ADX=30.4, HTF=BULLISH",RESOLVED,LOSS,2026-08-24,15:45:13 UTC,65.00,STOP_LOSS_HIT: price reached the downside risk level,79164.0724
20260824144528029659,2026-08-24,14:40:00 UTC,2026-08-24 14:40:00,BTCUSDT,BUY_CALL,79662.16,79158.0537,80670.3726,0.316,0.24238821864128113,0.4417617619037628,0.31584998965263367,BULLISH,"Paper experiment: directional probability 0.32; strict filter status body=0.01, ADX=30.7, HTF=BULLISH",RESOLVED,LOSS,2026-08-24,15:45:13 UTC,60.00,STOP_LOSS_HIT: price reached the downside risk level,79158.0537
20260824145002117554,2026-08-24,14:45:00 UTC,2026-08-24 14:45:00,BTCUSDT,BUY_CALL,79574.0,79076.5945,80568.811,0.302,0.24145656824111938,0.4567627012729645,0.30178067088127136,BULLISH,"Paper experiment: directional probability 0.30; strict filter status body=0.32, ADX=31.0, HTF=BULLISH",RESOLVED,LOSS,2026-08-24,15:45:13 UTC,55.00,STOP_LOSS_HIT: price reached the downside risk level,79076.5945
20260824145506288690,2026-08-24,14:50:00 UTC,2026-08-24 14:50:00,BTCUSDT,BUY_CALL,79306.02,78811.5185,80295.0231,0.258,0.22911611199378967,0.5124782919883728,0.25840553641319275,BULLISH,"Paper experiment: directional probability 0.26; strict filter status body=0.88, ADX=30.3, HTF=BULLISH",RESOLVED,WIN,2026-08-24,16:35:15 UTC,100.00,TIME_EXPIRY: favorable close,79679.9900
20260824150006726696,2026-08-24,14:55:00 UTC,2026-08-24 14:55:00,BTCUSDT,HOLD,79510.92,,,0.264,0.2641223669052124,0.48263558745384216,0.2532420754432678,BULLISH,Model confidence 0.26 below 0.60 threshold or predicted HOLD,NO_TRADE,NO_SIGNAL,2026-08-24,15:00:06 UTC,0.00,NO_SIGNAL: candle was rejected or model predicted HOLD,79510.92
20260824150511582192,2026-08-24,15:00:00 UTC,2026-08-24 15:00:00,BTCUSDT,HOLD,79500.01,,,0.265,0.2653023600578308,0.4818616509437561,0.2528359889984131,BULLISH,Model confidence 0.27 below 0.60 threshold or predicted HOLD,NO_TRADE,NO_SIGNAL,2026-08-24,15:05:11 UTC,0.00,NO_SIGNAL: candle was rejected or model predicted HOLD,79500.01
20260824151008173445,2026-08-24,15:05:00 UTC,2026-08-24 15:05:00,BTCUSDT,BUY_CALL,79597.27,79113.1822,80565.4457,0.275,0.24634386599063873,0.4787869453430176,0.2748691439628601,BULLISH,"Paper experiment: directional probability 0.27; strict filter status body=0.30, ADX=29.3, HTF=BULLISH",RESOLVED,LOSS,2026-08-24,15:45:13 UTC,35.00,STOP_LOSS_HIT: price reached the downside risk level,79113.1822
20260824151511589893,2026-08-24,15:10:00 UTC,2026-08-24 15:10:00,BTCUSDT,BUY_CALL,79548.83,79080.8913,80484.7074,0.266,0.2539844810962677,0.480404257774353,0.2656112015247345,BULLISH,"Paper experiment: directional probability 0.27; strict filter status body=0.28, ADX=29.2, HTF=BULLISH",RESOLVED,LOSS,2026-08-24,15:45:13 UTC,30.00,STOP_LOSS_HIT: price reached the downside risk level,79080.8913
20260824152007268806,2026-08-24,15:15:00 UTC,2026-08-24 15:15:00,BTCUSDT,BUY_CALL,79761.8,79296.9608,80691.4783,0.304,0.2524348497390747,0.44393086433410645,0.30363425612449646,BULLISH,"Paper experiment: directional probability 0.30; strict filter status body=0.75, ADX=29.5, HTF=BULLISH",RESOLVED,LOSS,2026-08-24,15:45:13 UTC,25.00,STOP_LOSS_HIT: price reached the downside risk level,79296.9608
20260824152507320538,2026-08-24,15:20:00 UTC,2026-08-24 15:20:00,BTCUSDT,BUY_CALL,79901.99,79446.5679,80812.8342,0.324,0.2575531005859375,0.4186848998069763,0.3237619996070862,BULLISH,"Paper experiment: directional probability 0.32; strict filter status body=0.63, ADX=30.1, HTF=BULLISH",RESOLVED,LOSS,2026-08-24,15:45:13 UTC,20.00,STOP_LOSS_HIT: price reached the downside risk level,79446.5679
20260824153008600235,2026-08-24,15:25:00 UTC,2026-08-24 15:25:00,BTCUSDT,BUY_CALL,79895.88,79445.2381,80797.1639,0.326,0.25903087854385376,0.41473543643951416,0.32623371481895447,BULLISH,"Paper experiment: directional probability 0.33; strict filter status body=0.02, ADX=30.8, HTF=BULLISH",RESOLVED,LOSS,2026-08-24,15:45:13 UTC,15.00,STOP_LOSS_HIT: price reached the downside risk level,79445.2381
20260824153513029063,2026-08-24,15:30:00 UTC,2026-08-24 15:30:00,BTCUSDT,BUY_CALL,79814.0,79370.9039,80700.1922,0.304,0.2739151120185852,0.42165276408195496,0.30443209409713745,BULLISH,"Paper experiment: directional probability 0.30; strict filter status body=0.36, ADX=31.5, HTF=BULLISH",RESOLVED,LOSS,2026-08-24,15:45:13 UTC,10.00,STOP_LOSS_HIT: price reached the downside risk level,79370.9039
20260824154005608681,2026-08-24,15:35:00 UTC,2026-08-24 15:35:00,BTCUSDT,HOLD,79549.99,,,0.289,0.28883495926856995,0.45103758573532104,0.260127454996109,BULLISH,Model confidence 0.29 below 0.60 threshold or predicted HOLD,NO_TRADE,NO_SIGNAL,2026-08-24,15:40:05 UTC,0.00,NO_SIGNAL: candle was rejected or model predicted HOLD,79549.99
20260824154513048195,2026-08-24,15:40:00 UTC,2026-08-24 15:40:00,BTCUSDT,HOLD,79298.3,,,0.348,0.34764930605888367,0.43817025423049927,0.21418045461177826,BULLISH,Model confidence 0.35 below 0.60 threshold or predicted HOLD,NO_TRADE,NO_SIGNAL,2026-08-24,15:45:13 UTC,0.00,NO_SIGNAL: candle was rejected or model predicted HOLD,79298.3
20260824155005659528,2026-08-24,15:45:00 UTC,2026-08-24 15:45:00,BTCUSDT,HOLD,79288.0,,,0.297,0.29729390144348145,0.4817693829536438,0.22093673050403595,BULLISH,Model confidence 0.30 below 0.60 threshold or predicted HOLD,NO_TRADE,NO_SIGNAL,2026-08-24,15:50:05 UTC,0.00,NO_SIGNAL: candle was rejected or model predicted HOLD,79288.0
20260824155504485713,2026-08-24,15:50:00 UTC,2026-08-24 15:50:00,BTCUSDT,HOLD,79173.99,,,0.309,0.3094937801361084,0.4736381471157074,0.2168681025505066,BULLISH,Model confidence 0.31 below 0.60 threshold or predicted HOLD,NO_TRADE,NO_SIGNAL,2026-08-24,15:55:04 UTC,0.00,NO_SIGNAL: candle was rejected or model predicted HOLD,79173.99
20260824160010227279,2026-08-24,15:55:00 UTC,2026-08-24 15:55:00,BTCUSDT,HOLD,79100.01,,,0.384,0.38355904817581177,0.2544553875923157,0.36198556423187256,BULLISH,"SELL rejected: 1H HTF trend is BULLISH (model wanted PUT, confidence 0.38)",NO_TRADE,NO_SIGNAL,2026-08-24,16:00:10 UTC,0.00,NO_SIGNAL: candle was rejected or model predicted HOLD,79100.01
20260824160513763850,2026-08-24,16:00:00 UTC,2026-08-24 16:00:00,BTCUSDT,HOLD,79285.03,,,0.442,0.4421672523021698,0.21745064854621887,0.3403821587562561,BULLISH,"SELL rejected: 1H HTF trend is BULLISH (model wanted PUT, confidence 0.44)",NO_TRADE,NO_SIGNAL,2026-08-24,16:05:13 UTC,0.00,NO_SIGNAL: candle was rejected or model predicted HOLD,79285.03
20260824161011079525,2026-08-24,16:05:00 UTC,2026-08-24 16:05:00,BTCUSDT,HOLD,79340.22,,,0.527,0.4272908866405487,0.31804168224334717,0.25466740131378174,BULLISH,"SELL rejected: 1H HTF trend is BULLISH (model wanted PUT, confidence 0.53)",NO_TRADE,NO_SIGNAL,2026-08-24,16:10:11 UTC,0.00,NO_SIGNAL: candle was rejected or model predicted HOLD,79340.22
20260824161513338282,2026-08-24,16:10:00 UTC,2026-08-24 16:10:00,BTCUSDT,HOLD,79488.0,,,0.344,0.3440246284008026,0.5356874465942383,0.1202879399061203,BULLISH,Model confidence 0.34 below 0.60 threshold or predicted HOLD,NO_TRADE,NO_SIGNAL,2026-08-24,16:15:13 UTC,0.00,NO_SIGNAL: candle was rejected or model predicted HOLD,79488.0
20260824162015926919,2026-08-24,16:15:00 UTC,2026-08-24 16:15:00,BTCUSDT,HOLD,79849.66,,,0.53,0.5298296213150024,0.26867642998695374,0.20149393379688263,BULLISH,"SELL rejected: 1H HTF trend is BULLISH (model wanted PUT, confidence 0.53)",NO_TRADE,NO_SIGNAL,2026-08-24,16:20:15 UTC,0.00,NO_SIGNAL: candle was rejected or model predicted HOLD,79849.66
20260824162510673719,2026-08-24,16:20:00 UTC,2026-08-24 16:20:00,BTCUSDT,HOLD,79748.83,,,0.495,0.4948843717575073,0.29432258009910583,0.21079309284687042,BULLISH,"SELL rejected: 1H HTF trend is BULLISH (model wanted PUT, confidence 0.49)",NO_TRADE,NO_SIGNAL,2026-08-24,16:25:10 UTC,0.00,NO_SIGNAL: candle was rejected or model predicted HOLD,79748.83
20260824163006183151,2026-08-24,16:25:00 UTC,2026-08-24 16:25:00,BTCUSDT,HOLD,79668.0,,,0.585,0.48536860942840576,0.2386856973171234,0.2759457230567932,BULLISH,"SELL rejected: 1H HTF trend is BULLISH (model wanted PUT, confidence 0.59)",NO_TRADE,NO_SIGNAL,2026-08-24,16:30:06 UTC,0.00,NO_SIGNAL: candle was rejected or model predicted HOLD,79668.0
20260824163515929745,2026-08-24,16:30:00 UTC,2026-08-24 16:30:00,BTCUSDT,HOLD,79679.99,,,0.294,0.294101744890213,0.4968988001346588,0.20899944007396698,BULLISH,Model confidence 0.29 below 0.60 threshold or predicted HOLD,NO_TRADE,NO_SIGNAL,2026-08-24,16:35:15 UTC,0.00,NO_SIGNAL: candle was rejected or model predicted HOLD,79679.99
20260824164007396828,2026-08-24,16:35:00 UTC,2026-08-24 16:35:00,BTCUSDT,HOLD,79630.01,,,0.444,0.44366541504859924,0.29243505001068115,0.2638995349407196,BULLISH,"SELL rejected: 1H HTF trend is BULLISH (model wanted PUT, confidence 0.44)",NO_TRADE,NO_SIGNAL,2026-08-24,16:40:07 UTC,0.00,NO_SIGNAL: candle was rejected or model predicted HOLD,79630.01
20260824164503643830,2026-08-24,16:40:00 UTC,2026-08-24 16:40:00,BTCUSDT,HOLD,79371.01,,,0.366,0.3660427927970886,0.2925969660282135,0.34136027097702026,BULLISH,"SELL rejected: 1H HTF trend is BULLISH (model wanted PUT, confidence 0.37)",NO_TRADE,NO_SIGNAL,2026-08-24,16:45:03 UTC,0.00,NO_SIGNAL: candle was rejected or model predicted HOLD,79371.01
20260824165011601753,2026-08-24,16:45:00 UTC,2026-08-24 16:45:00,BTCUSDT,HOLD,79293.18,,,0.372,0.37235167622566223,0.308491975069046,0.31915634870529175,BULLISH,"SELL rejected: 1H HTF trend is BULLISH (model wanted PUT, confidence 0.37)",NO_TRADE,NO_SIGNAL,2026-08-24,16:50:11 UTC,0.00,NO_SIGNAL: candle was rejected or model predicted HOLD,79293.18
20260824165504226805,2026-08-24,16:50:00 UTC,2026-08-24 16:50:00,BTCUSDT,HOLD,78945.31,,,0.33,0.3302805721759796,0.3425588607788086,0.3271605968475342,BULLISH,Model confidence 0.33 below 0.60 threshold or predicted HOLD,NO_TRADE,NO_SIGNAL,2026-08-24,16:55:04 UTC,0.00,NO_SIGNAL: candle was rejected or model predicted HOLD,78945.31
20260824170709691888,2026-08-24,17:00:00 UTC,2026-08-24 17:00:00,BTCUSDT,HOLD,78848.47,,,0.384,0.2804746925830841,0.33515533804893494,0.38436993956565857,BULLISH,Model confidence 0.38 below 0.60 threshold or predicted HOLD,NO_TRADE,NO_SIGNAL,2026-08-24,17:07:09 UTC,0.00,NO_SIGNAL: candle was rejected or model predicted HOLD,78848.47
20260824171005888598,2026-08-24,17:05:00 UTC,2026-08-24 17:05:00,BTCUSDT,HOLD,79176.69,,,0.499,0.21750035881996155,0.2835032343864441,0.49899643659591675,BULLISH,Model confidence 0.50 below 0.60 threshold or predicted HOLD,NO_TRADE,NO_SIGNAL,2026-08-24,17:10:05 UTC,0.00,NO_SIGNAL: candle was rejected or model predicted HOLD,79176.69
20260824171505890011,2026-08-24,17:10:00 UTC,2026-08-24 17:10:00,BTCUSDT,BUY_CALL,79103.97,78690.8791,79930.1518,0.417,0.09351962804794312,0.48919105529785156,0.4172893762588501,BULLISH,"Paper experiment: directional probability 0.42; strict filter status body=0.67, ADX=20.9, HTF=BULLISH",RESOLVED,LOSS,2026-08-24,17:25:04 UTC,10.00,STOP_LOSS_HIT: price reached the downside risk level,78690.8791
20260824172005726049,2026-08-24,17:15:00 UTC,2026-08-24 17:15:00,BTCUSDT,HOLD,78992.0,,,0.41,0.32730403542518616,0.26239630579948425,0.4102996289730072,BULLISH,Model confidence 0.41 below 0.60 threshold or predicted HOLD,NO_TRADE,NO_SIGNAL,2026-08-24,17:20:05 UTC,0.00,NO_SIGNAL: candle was rejected or model predicted HOLD,78992.0
20260824172504375171,2026-08-24,17:20:00 UTC,2026-08-24 17:20:00,BTCUSDT,HOLD,78599.68,,,0.555,0.16561929881572723,0.2791898846626282,0.5551908016204834,BULLISH,Model confidence 0.56 below 0.60 threshold or predicted HOLD,NO_TRADE,NO_SIGNAL,2026-08-24,17:25:04 UTC,0.00,NO_SIGNAL: candle was rejected or model predicted HOLD,78599.68
20260824173007998572,2026-08-24,17:25:00 UTC,2026-08-24 17:25:00,BTCUSDT,BUY_CALL,78546.0,78093.3863,79451.2274,0.399,0.13842220604419708,0.46301257610321045,0.3985652029514313,BULLISH,"Paper experiment: directional probability 0.40; strict filter status body=0.16, ADX=25.5, HTF=BULLISH",PENDING,,,,,,
20260824173510857266,2026-08-24,17:30:00 UTC,2026-08-24 17:30:00,BTCUSDT,HOLD,78560.58,,,0.476,0.26551923155784607,0.3587336242198944,0.37574708461761475,BULLISH,Model confidence 0.48 below 0.60 threshold or predicted HOLD,NO_TRADE,NO_SIGNAL,2026-08-24,17:35:10 UTC,0.00,NO_SIGNAL: candle was rejected or model predicted HOLD,78560.58
20260824174004093959,2026-08-24,17:35:00 UTC,2026-08-24 17:35:00,BTCUSDT,HOLD,78802.01,,,0.381,0.3116054832935333,0.3071123957633972,0.38128218054771423,BULLISH,Model confidence 0.38 below 0.60 threshold or predicted HOLD,NO_TRADE,NO_SIGNAL,2026-08-24,17:40:04 UTC,0.00,NO_SIGNAL: candle was rejected or model predicted HOLD,78802.01
20260824174508925345,2026-08-24,17:40:00 UTC,2026-08-24 17:40:00,BTCUSDT,HOLD,78635.96,,,0.393,0.25338658690452576,0.35367128252983093,0.3929421603679657,BULLISH,Model confidence 0.39 below 0.60 threshold or predicted HOLD,NO_TRADE,NO_SIGNAL,2026-08-24,17:45:08 UTC,0.00,NO_SIGNAL: candle was rejected or model predicted HOLD,78635.96
20260824175004809304,2026-08-24,17:45:00 UTC,2026-08-24 17:45:00,BTCUSDT,HOLD,78729.01,,,0.486,0.27191609144210815,0.34171196818351746,0.386371910572052,BULLISH,Model confidence 0.49 below 0.60 threshold or predicted HOLD,NO_TRADE,NO_SIGNAL,2026-08-24,17:50:04 UTC,0.00,NO_SIGNAL: candle was rejected or model predicted HOLD,78729.01
20260824175510653994,2026-08-24,17:50:00 UTC,2026-08-24 17:50:00,BTCUSDT,HOLD,78692.92,,,0.481,0.2453441470861435,0.3731575310230255,0.381498247385025,BULLISH,Model confidence 0.48 below 0.60 threshold or predicted HOLD,NO_TRADE,NO_SIGNAL,2026-08-24,17:55:10 UTC,0.00,NO_SIGNAL: candle was rejected or model predicted HOLD,78692.92
20260824180007611711,2026-08-24,17:55:00 UTC,2026-08-24 17:55:00,BTCUSDT,HOLD,78761.14,,,0.431,0.24764680862426758,0.32164451479911804,0.4307086765766144,BULLISH,Model confidence 0.43 below 0.60 threshold or predicted HOLD,NO_TRADE,NO_SIGNAL,2026-08-24,18:00:07 UTC,0.00,NO_SIGNAL: candle was rejected or model predicted HOLD,78761.14
20260824180514573840,2026-08-24,18:00:00 UTC,2026-08-24 18:00:00,BTCUSDT,HOLD,78900.19,,,0.412,0.2686024308204651,0.3192608654499054,0.4121367037296295,BULLISH,Model confidence 0.41 below 0.55 threshold or predicted HOLD,NO_TRADE,NO_SIGNAL,2026-08-24,18:05:14 UTC,0.00,NO_SIGNAL: candle was rejected or model predicted HOLD,78900.19
